Gamma,HashRate,Honest,Selfish,Stubborn-Lead,Rotation,BestPure,WorstPure,AvgPure,RotationVsBest,RotationVsWorst,RotationVsAvg,Category,HashRateRange
0.8,0.15,0.14962148,0.15081123999999999,0.15289708000000002,0.15180408,0.15289708000000002,0.14962148,0.15110993333333333,-0.0010930000000000106,0.0021826000000000068,0.0006941466666666729,MODERATE,15-20%
0.8,0.16,0.16024028,0.1625684,0.16852076,0.16325064,0.16852076,0.16024028,0.16377648,-0.005270119999999989,0.0030103599999999897,-0.0005258399999999996,MODERATE,15-20%
0.8,0.17,0.17146999999999998,0.17484904,0.17929692,0.1756446,0.17929692,0.17146999999999998,0.17520532,-0.0036523199999999867,0.004174600000000028,0.0004392800000000141,MODERATE,15-20%
0.8,0.18,0.1802474,0.18721872,0.1917606,0.18647296000000002,0.1917606,0.1802474,0.18640890666666668,-0.005287639999999982,0.006225560000000019,6.405333333334151e-05,MODERATE,15-20%
0.8,0.19,0.19217208,0.201238,0.20634112000000002,0.19950212,0.20634112000000002,0.19217208,0.19991706666666667,-0.006839000000000012,0.00733004000000001,-0.0004149466666666657,MODERATE,15-20%
0.8,0.2,0.20014836,0.21303676,0.22139203999999998,0.21110136000000002,0.22139203999999998,0.20014836,0.21152572,-0.010290679999999969,0.010953000000000018,-0.00042435999999998475,MODERATE,15-20%
0.8,0.21,0.20979384,0.22678352000000002,0.23454104,0.22381247999999998,0.23454104,0.20979384,0.22370613333333333,-0.010728560000000026,0.014018639999999971,0.00010634666666664572,MODERATE,20-25%
0.8,0.22,0.21940188,0.23845808000000002,0.25288284,0.23605452,0.25288284,0.21940188,0.23691426666666668,-0.016828320000000008,0.016652639999999996,-0.0008597466666666886,MODERATE,20-25%
0.8,0.23,0.23059408,0.25328452,0.26334484,0.24881436,0.26334484,0.23059408,0.24907448000000001,-0.014530480000000012,0.018220280000000005,-0.00026012000000000257,MODERATE,20-25%
0.8,0.24,0.24000728,0.2656224,0.27936252,0.26284036,0.27936252,0.24000728,0.2616640666666667,-0.016522160000000008,0.022833080000000006,0.0011762933333333003,MODERATE,20-25%
0.8,0.25,0.25061068,0.2794284,0.29701836,0.27495384,0.29701836,0.25061068,0.2756858133333333,-0.022064519999999976,0.02434316000000003,-0.0007319733333333023,MODERATE,20-25%
0.8,0.26,0.26056052,0.29428544,0.31255272,0.29105684,0.31255272,0.26056052,0.2891328933333333,-0.021495880000000023,0.030496319999999966,0.001923946666666676,MODERATE,25-30%
0.8,0.27,0.26967076,0.30826576,0.32970008,0.30532696000000004,0.32970008,0.26967076,0.30254553333333334,-0.02437311999999997,0.03565620000000003,0.0027814266666666976,MODERATE,25-30%
0.8,0.28,0.27899411999999996,0.32440095999999996,0.34751584,0.31896324,0.34751584,0.27899411999999996,0.31697030666666665,-0.02855260000000004,0.039969120000000025,0.0019929333333333354,MODERATE,25-30%
0.8,0.29,0.2909152,0.3409208,0.36419455999999994,0.33480072,0.36419455999999994,0.2909152,0.33201018666666665,-0.02939383999999995,0.04388552000000001,0.002790533333333345,MODERATE,25-30%
0.8,0.3,0.29939744,0.35732264,0.38508856,0.34821316,0.38508856,0.29939744,0.3472695466666667,-0.0368754,0.04881572000000001,0.0009436133333333152,MODERATE,25-30%
0.85,0.15,0.14975476000000001,0.1553092,0.15919332,0.15516544,0.15919332,0.14975476000000001,0.15475242666666666,-0.0040278800000000115,0.005410679999999973,0.000413013333333323,MODERATE,15-20%
0.85,0.16,0.16116812,0.16736804,0.17053792,0.1662428,0.17053792,0.16116812,0.16635802666666666,-0.004295120000000013,0.005074679999999998,-0.00011522666666666237,MODERATE,15-20%
0.85,0.17,0.16896148,0.18077072000000002,0.18517796,0.17873764,0.18517796,0.16896148,0.17830338666666667,-0.006440319999999999,0.009776160000000006,0.0004342533333333287,MODERATE,15-20%
0.85,0.18,0.17996099999999998,0.19317312,0.19835684,0.19151772,0.19835684,0.17996099999999998,0.19049698666666667,-0.006839120000000004,0.01155672000000002,0.001020733333333329,MODERATE,15-20%
0.85,0.19,0.18805752,0.203971,0.21146792,0.20214644,0.21146792,0.18805752,0.20116548,-0.009321479999999993,0.014088920000000005,0.000980960000000003,MODERATE,15-20%
0.85,0.2,0.20101023999999998,0.21784196,0.2265462,0.21662508,0.2265462,0.20101023999999998,0.2151328,-0.009921120000000005,0.015614840000000019,0.0014922799999999847,MODERATE,15-20%
0.85,0.21,0.2101364,0.23264772,0.24064688,0.22614968000000002,0.24064688,0.2101364,0.22781033333333334,-0.014497199999999988,0.01601328000000002,-0.0016606533333333173,MODERATE,20-25%
0.85,0.22,0.22097055999999998,0.24471204,0.25837196,0.24277088,0.25837196,0.22097055999999998,0.24135151999999996,-0.015601080000000017,0.021800320000000012,0.0014193600000000361,MODERATE,20-25%
0.85,0.23,0.23100795999999998,0.25661656,0.27116076,0.25375416,0.27116076,0.23100795999999998,0.25292842666666665,-0.017406599999999994,0.022746200000000022,0.0008257333333333561,MODERATE,20-25%
0.85,0.24,0.24068812,0.26963984,0.2873564,0.26663472,0.2873564,0.24068812,0.2658947866666667,-0.02072168000000002,0.025946599999999986,0.0007399333333332758,MODERATE,20-25%
0.85,0.25,0.24814264000000003,0.28526428,0.30467624,0.28164972,0.30467624,0.24814264000000003,0.27936105333333333,-0.023026519999999995,0.03350707999999997,0.002288666666666661,MODERATE,20-25%
0.85,0.26,0.26034368,0.30064948,0.32157455999999995,0.29503376,0.32157455999999995,0.26034368,0.29418923999999996,-0.026540799999999976,0.034690079999999957,0.0008445200000000153,MODERATE,25-30%
0.85,0.27,0.2700322,0.31572764,0.33752288,0.3090334,0.33752288,0.2700322,0.30776090666666667,-0.02848948000000001,0.039001200000000014,0.0012724933333333466,MODERATE,25-30%
0.85,0.28,0.27928472,0.33070155999999995,0.35474592,0.32440460000000004,0.35474592,0.27928472,0.3215774,-0.03034131999999995,0.04511988000000006,0.0028272000000000297,MODERATE,25-30%
0.85,0.29,0.29029588,0.34608792,0.37254608,0.33812208,0.37254608,0.29029588,0.33630995999999996,-0.03442400000000001,0.047826199999999985,0.0018121200000000282,MODERATE,25-30%
0.85,0.3,0.29974872,0.35947476,0.39192259999999995,0.35295956000000006,0.39192259999999995,0.29974872,0.3503820266666667,-0.03896303999999989,0.05321084000000004,0.0025775333333333816,MODERATE,25-30%
0.9,0.15,0.14977548000000002,0.15979356,0.16429844,0.16001104,0.16429844,0.14977548000000002,0.15795582666666666,-0.004287399999999997,0.010235559999999977,0.0020552133333333333,MODERATE,15-20%
0.9,0.16,0.16016324,0.17198464000000002,0.17692836,0.1703438,0.17692836,0.16016324,0.16969208000000002,-0.006584560000000017,0.010180559999999977,0.0006517199999999668,MODERATE,15-20%
0.9,0.17,0.16969932,0.18301852,0.18842040000000002,0.18255916,0.18842040000000002,0.16969932,0.18037941333333332,-0.0058612400000000175,0.012859840000000011,0.0021797466666666765,MODERATE,15-20%
0.9,0.18,0.18105004000000002,0.19817768000000002,0.20228643999999998,0.19477872000000002,0.20228643999999998,0.18105004000000002,0.19383805333333334,-0.007507719999999968,0.013728679999999993,0.000940666666666673,MODERATE,15-20%
0.9,0.19,0.19142844,0.20895568,0.21822948,0.20526128,0.21822948,0.19142844,0.20620453333333333,-0.012968200000000013,0.013832839999999985,-0.0009432533333333382,MODERATE,15-20%
0.9,0.2,0.19996967999999998,0.22367724,0.2311028,0.21851852000000002,0.2311028,0.19996967999999998,0.21824990666666666,-0.012584279999999975,0.01854884000000004,0.0002686133333333618,MODERATE,15-20%
0.9,0.21,0.210383,0.2342276,0.24620856,0.23097408000000003,0.24620856,0.210383,0.23027305333333334,-0.015234479999999967,0.02059108000000004,0.0007010266666666876,MODERATE,20-25%
0.9,0.22,0.21777059999999998,0.2497438,0.26067503999999997,0.2437562,0.26067503999999997,0.21777059999999998,0.24272981333333332,-0.016918839999999963,0.025985600000000025,0.0010263866666666843,MODERATE,20-25%
0.9,0.23,0.22918148,0.2613804,0.28029596,0.2568396,0.28029596,0.22918148,0.25695261333333336,-0.02345636000000001,0.027658120000000008,-0.00011301333333335606,MODERATE,20-25%
0.9,0.24,0.24127168000000002,0.27620716,0.29389232,0.27113572,0.29389232,0.24127168000000002,0.2704570533333333,-0.02275659999999996,0.02986404000000001,0.0006786666666667163,MODERATE,20-25%
0.9,0.25,0.24991388,0.28982104,0.3093974,0.28491832,0.3093974,0.24991388,0.2830441066666667,-0.024479079999999986,0.03500444,0.0018742133333333189,MODERATE,20-25%
0.9,0.26,0.25865336,0.30644279999999996,0.32637383999999997,0.29858304,0.32637383999999997,0.25865336,0.2971566666666667,-0.02779079999999995,0.03992968000000002,0.0014263733333333417,MODERATE,25-30%
0.9,0.27,0.26847956,0.32014856,0.34471296,0.31159844,0.34471296,0.26847956,0.3111136933333334,-0.033114520000000036,0.04311887999999997,0.00048474666666659116,MODERATE,25-30%
0.9,0.28,0.27974264,0.33273980000000003,0.36311140000000003,0.32794628000000003,0.36311140000000003,0.27974264,0.3251979466666666,-0.035165119999999994,0.04820364000000005,0.002748333333333408,MODERATE,25-30%
0.9,0.29,0.2901092,0.35047207999999996,0.37956224,0.34033272,0.37956224,0.2901092,0.34004784,-0.03922952000000002,0.050223519999999966,0.00028487999999998737,MODERATE,25-30%
0.9,0.3,0.29939836,0.36659884,0.39522979999999996,0.35797668,0.39522979999999996,0.29939836,0.3537423333333333,-0.03725311999999997,0.05857832000000002,0.004234346666666666,MODERATE,25-30%
0.95,0.15,0.15018952,0.162998,0.16798836,0.16176304000000002,0.16798836,0.15018952,0.16039196,-0.006225319999999979,0.011573520000000032,0.0013710800000000245,MODERATE,15-20%
0.95,0.16,0.15908576,0.17754567999999998,0.18115688,0.17342492,0.18115688,0.15908576,0.17259610666666667,-0.007731959999999982,0.014339160000000017,0.0008288133333333447,MODERATE,15-20%
0.95,0.17,0.17032328,0.18760836,0.19326088,0.18532268,0.19326088,0.17032328,0.18373083999999998,-0.007938200000000006,0.014999399999999996,0.001591840000000011,MODERATE,15-20%
0.95,0.18,0.17987892,0.20144496,0.20767872,0.1981344,0.20767872,0.17987892,0.19633420000000001,-0.009544320000000023,0.01825547999999999,0.001800199999999974,MODERATE,15-20%
0.95,0.19,0.1892644,0.21478652,0.22113119999999997,0.20890852,0.22113119999999997,0.1892644,0.20839403999999997,-0.012222679999999986,0.019644119999999987,0.0005144800000000116,MODERATE,15-20%
0.95,0.2,0.20030808,0.22792311999999998,0.2397062,0.22190204000000002,0.2397062,0.20030808,0.2226458,-0.017804159999999986,0.021593960000000023,-0.0007437599999999822,MODERATE,15-20%
0.95,0.21,0.21042856000000001,0.24115231999999998,0.25319052,0.23619727999999998,0.25319052,0.21042856000000001,0.2349238,-0.016993239999999993,0.025768719999999967,0.0012734799999999935,MODERATE,20-25%
0.95,0.22,0.2207012,0.251935,0.2668368,0.24813956,0.2668368,0.2207012,0.24649100000000002,-0.018697239999999976,0.027438360000000023,0.0016485599999999934,MODERATE,20-25%
0.95,0.23,0.23170596,0.26771164,0.28224556,0.26140128,0.28224556,0.23170596,0.26055438666666664,-0.020844279999999993,0.029695320000000025,0.0008468933333333761,MODERATE,20-25%
0.95,0.24,0.23778588,0.28092432,0.29937468,0.27554967999999996,0.29937468,0.23778588,0.27269496,-0.02382500000000004,0.03776379999999996,0.0028547199999999773,MODERATE,20-25%
0.95,0.25,0.2495336,0.29547348,0.31488688,0.28739388,0.31488688,0.2495336,0.28663131999999997,-0.02749299999999999,0.037860279999999996,0.0007625600000000232,MODERATE,20-25%
0.95,0.26,0.26009712,0.30853976,0.33273803999999996,0.30077684,0.33273803999999996,0.26009712,0.3004583066666667,-0.03196119999999997,0.040679719999999975,0.00031853333333331513,MODERATE,25-30%
0.95,0.27,0.2684978,0.32445444,0.34977531999999995,0.31495648,0.34977531999999995,0.2684978,0.31424252,-0.03481883999999996,0.046458679999999974,0.000713959999999958,MODERATE,25-30%
0.95,0.28,0.28001856,0.33783251999999997,0.36635776,0.33030636,0.36635776,0.28001856,0.32806961333333334,-0.036051399999999956,0.050287799999999994,0.002236746666666678,MODERATE,25-30%
0.95,0.29,0.29111556,0.35530188,0.38552948,0.34411372,0.38552948,0.29111556,0.3439823066666667,-0.04141575999999997,0.052998160000000016,0.00013141333333333005,MODERATE,25-30%
0.95,0.3,0.29939267999999997,0.37365828,0.40190168,0.36060000000000003,0.40190168,0.29939267999999997,0.35831754666666665,-0.04130167999999995,0.061207320000000065,0.0022824533333333785,MODERATE,25-30%
1.0,0.15,0.1509774,0.16837575999999999,0.17316755999999997,0.16356916,0.17316755999999997,0.1509774,0.16417357333333335,-0.00959839999999998,0.01259175999999998,-0.000604413333333359,MODERATE,15-20%
1.0,0.16,0.16115228,0.18086587999999998,0.18544564000000002,0.1767874,0.18544564000000002,0.16115228,0.17582126666666667,-0.008658240000000011,0.015635120000000002,0.0009661333333333411,MODERATE,15-20%
1.0,0.17,0.16986288,0.19396296,0.20018183999999997,0.18825967999999998,0.20018183999999997,0.16986288,0.18800255999999996,-0.011922159999999987,0.01839679999999999,0.0002571200000000273,MODERATE,15-20%
1.0,0.18,0.17985868,0.20542152000000002,0.21568263999999998,0.20066344,0.21568263999999998,0.17985868,0.20032094666666667,-0.015019199999999983,0.020804760000000005,0.00034249333333333243,MODERATE,15-20%
1.0,0.19,0.19118455999999998,0.21739512000000003,0.22859791999999998,0.21334216,0.22859791999999998,0.19118455999999998,0.21239253333333333,-0.01525575999999998,0.022157600000000027,0.0009496266666666753,MODERATE,15-20%
1.0,0.2,0.19995648,0.23122996,0.24499172000000002,0.22818908000000002,0.24499172000000002,0.19995648,0.22539272000000002,-0.016802640000000008,0.028232600000000024,0.0027963599999999977,MODERATE,15-20%
1.0,0.21,0.20908480000000002,0.24505707999999998,0.259614,0.2387982,0.259614,0.20908480000000002,0.23791862666666666,-0.020815800000000023,0.029713399999999973,0.0008795733333333278,MODERATE,20-25%
1.0,0.22,0.21992716,0.25833967999999996,0.27470072,0.25366723999999996,0.27470072,0.21992716,0.25098918666666664,-0.02103348000000005,0.03374007999999995,0.002678053333333319,MODERATE,20-25%
1.0,0.23,0.22960519999999998,0.2713418,0.28831996,0.26414348,0.28831996,0.22960519999999998,0.26308898666666664,-0.02417648,0.034538280000000005,0.0010544933333333506,MODERATE,20-25%
1.0,0.24,0.24144876,0.28582547999999997,0.30632292,0.27823183999999995,0.30632292,0.24144876,0.27786572000000004,-0.028091080000000046,0.03678307999999994,0.0003661199999999143,MODERATE,20-25%
1.0,0.25,0.25092127999999997,0.29993936,0.32060252,0.29388204,0.32060252,0.25092127999999997,0.29048772,-0.02672047999999999,0.04296076000000004,0.0033943200000000062,MODERATE,20-25%
1.0,0.26,0.2590422,0.31229016000000004,0.33910387999999997,0.30442144,0.33910387999999997,0.2590422,0.30347874666666663,-0.03468243999999998,0.04537923999999999,0.0009426933333333554,MODERATE,25-30%
1.0,0.27,0.26824364,0.33082108,0.35714924000000003,0.32167012,0.35714924000000003,0.26824364,0.3187379866666667,-0.03547912000000003,0.05342648,0.002932133333333309,MODERATE,25-30%
1.0,0.28,0.2816514,0.34281464,0.37263676,0.33501888,0.37263676,0.2816514,0.3323676,-0.03761787999999999,0.05336748000000002,0.0026512800000000336,MODERATE,25-30%
1.0,0.29,0.28975024,0.3584854,0.38982639999999996,0.34577688,0.38982639999999996,0.28975024,0.34602068,-0.04404951999999995,0.056026640000000016,-0.00024380000000001623,MODERATE,25-30%
1.0,0.3,0.29846204,0.37655720000000004,0.40873188,0.36509372,0.40873188,0.29846204,0.3612503733333334,-0.04363815999999998,0.06663168000000003,0.003843346666666636,MODERATE,25-30%
